{"cameraMode":{"drawMode":0,"name":"Shaded","section":"Shading Mode"},"sceneLighting":true,"audioPlay":false,"sceneViewState":{"showFog":true,"showMaterialUpdate":false,"showSkybox":true,"showFlares":true,"showImageEffects":true,"showParticleSystems":true},"in2DMode":false,"pivot":{"x":-2.0981359481811525,"y":1.4572021961212159,"z":-9.042497634887696},"rotation":{"x":-0.06728848069906235,"y":0.932608425617218,"z":-0.24341590702533723,"w":-0.2578049302101135},"size":6.56851053237915,"orthographic":false}