{"cameraMode":{"drawMode":0,"name":"Shaded","section":"Shading Mode"},"sceneLighting":true,"audioPlay":false,"sceneViewState":{"showFog":true,"showMaterialUpdate":false,"showSkybox":true,"showFlares":true,"showImageEffects":true,"showParticleSystems":true},"in2DMode":false,"pivot":{"x":-4.622614860534668,"y":-5.0222015380859379,"z":17.85688591003418},"rotation":{"x":0.14356641471385957,"y":-0.21461154520511628,"z":0.03190169855952263,"w":0.9655874967575073},"size":51.926673889160159,"orthographic":false}