{"cameraMode":{"drawMode":0,"name":"Shaded","section":"Shading Mode"},"sceneLighting":true,"audioPlay":false,"sceneViewState":{"showFog":true,"showMaterialUpdate":false,"showSkybox":true,"showFlares":true,"showImageEffects":true,"showParticleSystems":true},"in2DMode":false,"pivot":{"x":2.6072733402252199,"y":-1.2746092081069947,"z":-5.645208835601807},"rotation":{"x":0.17105774581432343,"y":0.5053002238273621,"z":-0.1029559001326561,"w":0.8395432829856873},"size":15.938458442687989,"orthographic":true}