{"cameraMode":{"drawMode":0,"name":"Shaded","section":"Shading Mode"},"sceneLighting":true,"audioPlay":false,"sceneViewState":{"showFog":true,"showMaterialUpdate":false,"showSkybox":true,"showFlares":true,"showImageEffects":true,"showParticleSystems":true},"in2DMode":false,"pivot":{"x":1.3329663276672364,"y":2.8615636825561525,"z":-7.94659423828125},"rotation":{"x":0.13472507894039155,"y":0.08194436132907868,"z":-0.011181727051734925,"w":0.9874494671821594},"size":7.670464515686035,"orthographic":false}