{"cameraMode":{"drawMode":0,"name":"Shaded","section":"Shading Mode"},"sceneLighting":false,"audioPlay":false,"sceneViewState":{"showFog":true,"showMaterialUpdate":false,"showSkybox":false,"showFlares":true,"showImageEffects":true,"showParticleSystems":true},"in2DMode":false,"pivot":{"x":2.6072733402252199,"y":-1.2746092081069947,"z":-5.645208835601807},"rotation":{"x":0.13633514940738679,"y":0.13213197886943818,"z":-0.018355390056967737,"w":0.9816600680351257},"size":91.99333953857422,"orthographic":true}