{"cameraMode":{"drawMode":0,"name":"Shaded","section":"Shading Mode"},"sceneLighting":true,"audioPlay":false,"sceneViewState":{"showFog":true,"showMaterialUpdate":false,"showSkybox":true,"showFlares":true,"showImageEffects":true,"showParticleSystems":true},"in2DMode":false,"pivot":{"x":-0.48450523614883425,"y":-0.2516101002693176,"z":-3.301776170730591},"rotation":{"x":-0.03446134552359581,"y":-0.043164048343896869,"z":-0.001493771094828844,"w":0.9984877705574036},"size":7.121453285217285,"orthographic":true}