{"cameraMode":{"drawMode":0,"name":"Shaded","section":"Shading Mode"},"sceneLighting":true,"audioPlay":false,"sceneViewState":{"showFog":true,"showMaterialUpdate":false,"showSkybox":true,"showFlares":true,"showImageEffects":true,"showParticleSystems":true},"in2DMode":false,"pivot":{"x":2.6072733402252199,"y":-1.2746092081069947,"z":-5.645208835601807},"rotation":{"x":0.019493894651532174,"y":-0.022196877747774125,"z":0.0004338465223554522,"w":0.9995743036270142},"size":12.660858154296875,"orthographic":true}