{"cameraMode":{"drawMode":0,"name":"Shaded","section":"Shading Mode"},"sceneLighting":false,"audioPlay":false,"sceneViewState":{"showFog":true,"showMaterialUpdate":false,"showSkybox":false,"showFlares":true,"showImageEffects":true,"showParticleSystems":true},"in2DMode":false,"pivot":{"x":2.6072733402252199,"y":1.6599998474121094,"z":-5.645208835601807},"rotation":{"x":0.1112837865948677,"y":0.13107991218566895,"z":-0.014813574030995369,"w":0.9850172996520996},"size":14.038620948791504,"orthographic":true}